INSERT INTO "groups" ("id","name","updated_at","created_at") VALUES ('1','Management',NULL,'2021-02-02 08:37:49');
INSERT INTO "groups" ("id","name","updated_at","created_at") VALUES ('2','Workers',NULL,'2021-02-02 08:38:33');
INSERT INTO "groups" ("id","name","updated_at","created_at") VALUES ('5','Cleaners',NULL,NULL);
INSERT INTO "settings" ("id","name","value","type","title","status","updated_at","created_at") VALUES ('1','door_open','6','3','Door open duration (in seconds)','1',NULL,'2021-03-24 09:47:21');
INSERT INTO "settings" ("id","name","value","type","title","status","updated_at","created_at") VALUES ('2','sound_buzzer','0','2','Sound buzzer when opening door','1',NULL,'2021-03-24 09:49:28');
INSERT INTO "settings" ("id","name","value","type","title","status","updated_at","created_at") VALUES ('3','hostname','FlexessDuo','4','Hostname','1',NULL,'2021-03-24 09:49:53');
INSERT INTO "settings" ("id","name","value","type","title","status","updated_at","created_at") VALUES ('4','password','m44s','1','Password','1',NULL,'2021-04-07 10:09:16');
INSERT INTO "settings" ("id","name","value","type","title","status","updated_at","created_at") VALUES ('5','time','',NULL,'Time',NULL,NULL,'2021-04-21 08:27:11');
INSERT INTO "settings" ("id","name","value","type","title","status","updated_at","created_at") VALUES ('6','apb','1','3','APB (in seconds)','1',NULL,'2021-05-13 23:08:25');
INSERT INTO "settings" ("id","name","value","type","title","status","updated_at","created_at") VALUES ('7','alarm','5','3','Alarm (time in seconds)','1',NULL,'2021-05-15 22:34:17');
INSERT INTO "controllers" ("id","name","reader_1","reader_2","button_1","button_2","sensor_1","sensor_2","updated_at","created_at","ip","remarks") VALUES ('1','Master','1','2','1','2','1','2',NULL,NULL,'192.168.178.137',NULL);
INSERT INTO "timezones" ("id","name","start","end","weekdays","updated_at","created_at") VALUES ('1','24-7','00:00','23:59','0,1,2,3,4,5,6',NULL,NULL);
INSERT INTO "timezones" ("id","name","start","end","weekdays","updated_at","created_at") VALUES ('2','Working hours','06:00','17:30','1,2,3,4,5',NULL,NULL);
INSERT INTO "timezones" ("id","name","start","end","weekdays","updated_at","created_at") VALUES ('3','Evening','18:00','23:00','0,1,2,3,4,5,6',NULL,NULL);
INSERT INTO "timezones" ("id","name","start","end","weekdays","updated_at","created_at") VALUES ('4','Weekend','07:00','18:00','0,6',NULL,NULL);
INSERT INTO "doors" ("id","name","controller_id","timezone_id","updated_at","created_at","enum") VALUES ('1','Frontdoor','1','',NULL,'2021-02-02 17:16:42','1');
INSERT INTO "doors" ("id","name","controller_id","timezone_id","updated_at","created_at","enum") VALUES ('2','Backdoor','1','',NULL,'2021-04-23 08:54:57','2');
INSERT INTO "users" ("id","name","last_seen","remarks","group_id","keycode","max_visits","start_date","end_date","visit_count","updated_at","created_at") VALUES ('1','Mike','2021-11-01 12:40:09','','2','34A95E','','','','264',NULL,'2021-02-02 14:50:05');
INSERT INTO "users" ("id","name","last_seen","remarks","group_id","keycode","max_visits","start_date","end_date","visit_count","updated_at","created_at") VALUES ('2','Cinderella','2021-09-05 09:02:21','Temporary, made at 10-10-2020 ','5','3333','10','05/01/2021','05/28/2022','31',NULL,'2021-02-02 14:50:05');
INSERT INTO "users" ("id","name","last_seen","remarks","group_id","keycode","max_visits","start_date","end_date","visit_count","updated_at","created_at") VALUES ('4','Elon','2021-07-13 12:27:46','Keydrop
Always get''s in anyway','1','23429B','','','','17',NULL,'2021-02-03 09:29:02');
INSERT INTO "rules" ("id","name","group_id","door_id","timezone_id","updated_at","created_at") VALUES ('2','','1','1','1',NULL,NULL);
INSERT INTO "rules" ("id","name","group_id","door_id","timezone_id","updated_at","created_at") VALUES ('5',NULL,'2','1','2',NULL,NULL);
INSERT INTO "rules" ("id","name","group_id","door_id","timezone_id","updated_at","created_at") VALUES ('6',NULL,'1','2','1',NULL,NULL);
INSERT INTO "rules" ("id","name","group_id","door_id","timezone_id","updated_at","created_at") VALUES ('7',NULL,'2','2','4',NULL,NULL);
INSERT INTO "rules" ("id","name","group_id","door_id","timezone_id","updated_at","created_at") VALUES ('9',NULL,'5','2','3',NULL,NULL);
